name,source,gender,wikidata,type
"Avenue de l'Hôpital",wikidata,,Q16917,way
"Chaussée de Beaumont",wikidata,,Q95100,way
"Chaussée de Binche",wikidata,,Q95121,way
"Chemin Guillaume",wikidata,,Q18190448,way
"Chemin Saint-Antoine",wikidata,,Q232510,way
"Chemin des Princes",wikidata,,Q2747456,way
"Place de Saint-Symphorien",wikidata,,Q234910,way
"Pont Clara (RAVeL de la Ligne 98)",wikidata,,Q1114146,way
"Route de Binche",wikidata,,Q95121,way
"Rue Cardinal Mercier",wikidata,,Q3389738,way
"Rue David",wikidata,,Q18057751,way
"Rue Élisa",wikidata,,Q20024509,way
"Rue Madeleine",wikidata,,Q4273929,way
"Rue Notre-Dame de Tongre",wikidata,,Q2189449,way
"Rue P. de Meester de Heyndonck",wikidata,,Q23888728,way
"Rue Petite Sorcière",wikidata,,Q1616828,way
"Rue Saint-Léger",wikidata,,Q227764,way
"Rue de Malplaquet",wikidata,,Q316897,way
"Rue de Strasbourg",wikidata,,Q6602,way
"Rue des 4 Fils-Aymond",wikidata,,Q59212800,way
"Rue des Arbalestriers",wikidata,,Q2859615,way
"Rue des Bénédictines",wikidata,,Q131132,way
"Rue des Dames",wikidata,,Q8389671,way
"Rue du Gouvernement",wikidata,,Q7188,way
"Ruelle César",wikidata,,Q18342089,way
"Ruelle Madeleine",wikidata,,Q4273929,way
"Ruelle Mathieu",wikidata,,Q17484081,way
"Ruelle Saint-Léonard",wikidata,,Q1158103,way
"Sentier Hubert",wikidata,,Q13728754,way
"Vieux Chemin de Binche",wikidata,,Q95121,way
"Aire du Bois du Gard Nord",,,,way
"Aire du Bois du Gard Sud",,,,way
"Allée des Aubépines",,,,way
"Allée des Bouleaux",,,,way
"Allée des Boutons d'Or",,,,way
"Allée des Buissons",,,,way
"Allée des Champs de Blé",,,,way
"Allée des Chardons",,,,way
"Allée des Charmilles",,,,way
"Allée des Cytises",,,,way
"Allée des Frênes",,,,way
"Allée des Jasmins",,,,way
"Allée des Lauriers",,,,way
"Allée des Magnolias",,,,way
"Allée des Mélèzes",,,,way
"Allée des Noisetiers",,,,way
"Allée des Oiseaux",,,,way
"Allée des Pins",,,,way
"Allée des Plantes Sauvages",,,,way
"Allée des Roseaux",,,,way
"Allée des Saules",,,,way
"Allée des Tuyas",,,,way
"Allée du Cimetière",,,,way
"Autoroute de Wallonie",,,,way
"Avenue Benoîte",,,,way
"Avenue Floréal",,,,way
"Avenue Lemiez",,,,way
"Avenue d'Hyon",,,,way
"Avenue d'Ottawa",,,,way
"Avenue de Bélian",,,,way
"Avenue de Conception",,,,way
"Avenue de Cuesmes",,,,way
"Avenue de Jemappes",,,,way
"Avenue de Liège",,,,way
"Avenue de Padoue",,,,way
"Avenue de l'Europe",,,,way
"Avenue de l'Université",,,,way
"Avenue de la Chapelle",,,,way
"Avenue de la Chasse Royale",,,,way
"Avenue de la Faïencerie",,,,way
"Avenue de la France",,,,way
"Avenue de la Francophonie",,,,way
"Avenue de la Grande Barre",,,,way
"Avenue de la Joyeuse Entrée",,,,way
"Avenue de la Joyeuse Entrée - Chaussée de Bruxelles",,,,way
"Avenue de la Libération",,,,way
"Avenue de la Picardie",,,,way
"Avenue de la Poudrière",,,,way
"Avenue de la Sapinette",,,,way
"Avenue de la Shangri",,,,way
"Avenue de la Wallonie",,,,way
"Avenue des Acacias",,,,way
"Avenue des Bassins",,,,way
"Avenue des Cèdres",,,,way
"Avenue des Espinois",,,,way
"Avenue des Expositions",,,,way
"Avenue des Frondaisons",,,,way
"Avenue des Guérites",,,,way
"Avenue des Lilas",,,,way
"Avenue des Mimosas",,,,way
"Avenue des Ormes",,,,way
"Avenue des Pommiers",,,,way
"Avenue des Roses",,,,way
"Avenue des Sapins",,,,way
"Avenue des Sorbiers",,,,way
"Avenue des Sports",,,,way
"Avenue des Taillis",,,,way
"Avenue des Tulipes",,,,way
"Avenue du Bel Horizon",,,,way
"Avenue du Bois",,,,way
"Avenue du Bon-Air",,,,way
"Avenue du Campiau",,,,way
"Avenue du Centenaire",,,,way
"Avenue du Champ de Bataille",,,,way
"Avenue du Champ de Mars",,,,way
"Avenue du Charbonnage",,,,way
"Avenue du Coq",,,,way
"Avenue du Fort Corbeau",,,,way
"Avenue du Grand Large",,,,way
"Avenue du Millénaire",,,,way
"Avenue du Pont-Rouge",,,,way
"Avenue du Quatrième Middlesex",,,,way
"Avenue du Régent",,,,way
"Avenue du Shape",,,,way
"Avenue du Tennis",,,,way
"Avenue du Tir",,,,way
"Avenue du Trou au Sable",,,,way
"Avenue du Vingt-Trois Août",,,,way
"Axiale Boraine",,,,way
"Bas Chemin",,,,way
"Boulevard Initialis",,,,way
"Boulevard Type",,,,way
"Bruyères d'Erbaut",,,,way
"Chasse Barbieux",,,,way
"Chasse Cambier",,,,way
"Chasse Fontaine",,,,way
"Chasse Ma Brune",,,,way
"Chasse Montignies",,,,way
"Chasse du Bon Dieu",,,,way
"Chasse du Bon Dieu de Pitié",,,,way
"Chaussée de Bruxelles",,,,way
"Chaussée de Cuesmes",,,,way
"Chaussée de Ghlin",,,,way
"Chaussée de Maubeuge",,,,way
"Chaussée du Rœulx",,,,way
"Chemin Belle-Vue",,,,way
"Chemin Bouteillier",,,,way
"Chemin Sauvelon",,,,way
"Chemin Vert",,,,way
"Chemin Vert - Rue Jacquet",,,,way
"Chemin Vert du Panisel",,,,way
"Chemin à Baraques",,,,way
"Chemin d'Adresse",,,,way
"Chemin d'Aulchin",,,,way
"Chemin d'Erbeleu",,,,way
"Chemin d'Havay",,,,way
"Chemin d'Havré",,,,way
"Chemin de Bavay",,,,way
"Chemin de Bethléem",,,,way
"Chemin de Binche",,,,way
"Chemin de Bray",,,,way
"Chemin de Givry",,,,way
"Chemin de Mesvin",,,,way
"Chemin de Spiennes",,,,way
"Chemin de Villers",,,,way
"Chemin de l'Ermitage",,,,way
"Chemin de l'Inquiétude",,,,way
"Chemin de l'Oasis",,,,way
"Chemin de la Cense Gain",,,,way
"Chemin de la Couture de l'Abbaye",,,,way
"Chemin de la Cure d'Air",,,,way
"Chemin de la Flache",,,,way
"Chemin de la Fontaine à l'Aulnoye",,,,way
"Chemin de la Grande Bruyère",,,,way
"Chemin de la Justice",,,,way
"Chemin de la Masure",,,,way
"Chemin de la Poterie",,,,way
"Chemin de la Procession",,,,way
"Chemin de la Vallière",,,,way
"Chemin de la Verrerie",,,,way
"Chemin des Baudarts",,,,way
"Chemin des Écoliers",,,,way
"Chemin des Étangs",,,,way
"Chemin des Grands Prés",,,,way
"Chemin des Mourdreux",,,,way
"Chemin des Moutons",,,,way
"Chemin des Préelles",,,,way
"Chemin des Tuileries",,,,way
"Chemin des Wartons",,,,way
"Chemin du Bois",,,,way
"Chemin du Bois de Mons",,,,way
"Chemin du Bosquetiau",,,,way
"Chemin du Canon",,,,way
"Chemin du Champ de Mars",,,,way
"Chemin du Chêne aux Haies",,,,way
"Chemin du Courtil",,,,way
"Chemin du Golf",,,,way
"Chemin du Houblon",,,,way
"Chemin du Pont d'Haine",,,,way
"Chemin du Prince",,,,way
"Chemin du Prince - Grand Chemin",,,,way
"Chemin du Versant",,,,way
"Chemin vicinal N° 99",,,,way
"Chemin vicinal n°44",,,,way
"Cité Balasse",,,,way
"Cité Gaillez",,,,way
"Cité Houdez",,,,way
"Cité Morette",,,,way
"Cité Urban",,,,way
"Cité de Thoissey",,,,way
"Cité du Congo",,,,way
"Cité du Repos",,,,way
"Cité du Vieux Champ",,,,way
"Clos de Viviers",,,,way
"Clos de l'Herbette",,,,way
"Clos de la Barrière de Spiennes",,,,way
"Clos de la Meulière",,,,way
"Clos des Forgerons",,,,way
"Clos des Puits",,,,way
"Clos des Tuileries",,,,way
"Coron du Vingt",,,,way
"Cour Libert",,,,way
"Cour Pierre Patte",,,,way
"Cour de l'Âne Barré",,,,way
"Cour du Noir Lévrier",,,,way
"Courte Voie",,,,way
Croix-Place,,,,way
"Digue de Cuesmes",,,,way
"Digue des Peupliers",,,,way
"Domaine de la Brisée",,,,relation+way
"Domaine des Bruyères",,,,way
"Drève du Prophète",,,,way
"Enclos des Récolets",,,,way
Fausse-Voie,,,,way
"Grand Chemin",,,,way
"Grand Route",,,,way
"Grand Rue",,,,way
Grand-Place,,,,way
"Green Park",,,,way
"Impasse Béghin",,,,way
"Impasse Desmet",,,,way
"Impasse Faucon",,,,way
"Impasse Fauconnier",,,,way
"Impasse Montenez",,,,way
"Impasse Navez",,,,way
"Impasse Tirtey",,,,way
"Impasse de la Cense Gain",,,,way
"Impasse de la Chapelle",,,,way
"Impasse de la Consule",,,,way
"Impasse de la Verrerie",,,,way
"Le sentier",,,,way
"Marché aux Herbes",,,,way
"Mont du Parc",,,,way
"Parc de la Sablonnière",,,,way
"Parc du Bois de Mons",,,,way
"Parvis de Messines",,,,way
"Passage du Centre",,,,way
"Pavé Danau",,,,way
"Pavé du Vingt",,,,way
"Petit Passage",,,,way
"Petite Rue des Prés",,,,way
"Piedsente d'Obourg",,,,way
"Piedsente de Hargmignies",,,,way
"Piedsente du Cabinet Cossée",,,,way
"Piedsente du Pont de la Brasserie",,,,way
"Place Nervienne",,,,way
"Place Spira",,,,way
"Place Triangulaire",,,,way
"Place d'Harmignies",,,,way
"Place d'Harvengt",,,,way
"Place d'Havré",,,,way
"Place d'Hyon",,,,way
"Place d'Obourg",,,,way
"Place de Bootle",,,,way
"Place de Briare",,,,way
"Place de Ciply",,,,way
"Place de Cuesmes",,,,relation+way
"Place de Flandre",,,,way
"Place de Ghlin",,,,way
"Place de Jéricho",,,,way
"Place de Maisières",,,,way
"Place de Mesvin",,,,way
"Place de Nimy",,,,way
"Place de Vannes",,,,way
"Place de la Bergeronnette",,,,way
"Place de la Chapelle",,,,way
"Place de la Citadelle",,,,way
"Place de la Gare",,,,way
"Place de la Grande Pêcherie",,,,way
"Place de la Perche",,,,way
"Place des Alliés",,,,way
"Place des Archers",,,,way
"Place des Chasseurs-à-Pied",,,,way
"Place des Martyrs",,,,way
"Place du Bastion Vert",,,,way
"Place du Béguinage",,,,way
"Place du Busteau",,,,way
"Place du Chapitre",,,,way
"Place du Chardonneret",,,,way
"Place du Manège",,,,way
"Place du Marais à Criquelions",,,,way
"Place du Marché aux Poissons",,,,way
"Place du Parc",,,,way
"Place du Souvenir",,,,way
"Plat Chemin",,,,way
"Pont du Prince",,,,way
"Quai Sud",,,,way
"Quai des Anglais",,,,way
"Quai des Otages",,,,way
"RAVeL 1",,,,way
"RAVeL de la Ligne 98",,,,way
"RAVeL de la Ligne 98C",,,,way
"Rampe Borgnagache",,,,way
"Rampe du Château",,,,way
"Résidence Christina Lodges",,,,way
"Résidence Le Festinoy",,,,way
"Résidence Moncoureur",,,,way
"Résidence de Milfort",,,,way
"Résidence de la Bascule",,,,way
"Résidence des Agasses",,,,way
"Résidence des Baudarts",,,,way
"Résidence des Mortes Haies",,,,way
"Résidence du Rieu",,,,way
"Résidences La Prairie",,,,way
"Rive Droite du Canal du Centre",,,,way
"Rive Gauche du Canal",,,,way
"Rive Gauche du canal",,,,way
"Rond-Point du Pont-Canal",,,,way
"Rond-Point du Trieu",,,,way
"Route Industrielle",,,,way
"Route Macadamisée",,,,way
"Route Provinciale - Rue de Pâturages",,,,way
"Route d'Ath",,,,way
"Route d'Eugies",,,,way
"Route d'Harmignies",,,,way
"Route d'Obourg",,,,way
"Route de Wallonie",,,,way
"Rue Barbet",,,,way
"Rue Baron Dubois de Chantraine",,,,way
"Rue Basse",,,,way
"Rue Basse-cour",,,,way
"Rue Berlanger",,,,way
"Rue Blancart",,,,way
"Rue Borette",,,,way
"Rue Bouteillière",,,,way
"Rue Briffaut",,,,way
"Rue Brisée",,,,way
"Rue Brisée - Rue de Binche",,,,way
"Rue Bruyères de Jurbise",,,,way
"Rue Chant des Oiseaux",,,,way
"Rue Chapelle du Curé",,,,way
"Rue Charon",,,,way
"Rue Chisaire",,,,way
"Rue Circulaire",,,,way
"Rue Colinet",,,,way
"Rue Cospeau",,,,way
"Rue Courte",,,,way
"Rue Croisette",,,,way
"Rue Cronque",,,,way
"Rue Dampierre",,,,way
"Rue Delpierre",,,,way
"Rue Demalzine",,,,way
"Rue Devaux",,,,way
"Rue Doyen",,,,way
"Rue Durant",,,,way
"Rue Emmaüs",,,,way
"Rue Fassiau",,,,way
"Rue Fontaine Tordeur",,,,way
"Rue Franche",,,,way
"Rue Frébutte",,,,way
"Rue Frérot",,,,way
"Rue Froissart",,,,way
"Rue Genestrois",,,,way
"Rue Grand-Route",,,,way
"Rue Grande",,,,way
"Rue Hauzeur",,,,way
"Rue Kincamps",,,,way
"Rue Lecat",,,,way
"Rue Lefebvre",,,,way
"Rue Mac Donald",,,,way
"Rue Madame Naveau",,,,way
"Rue Malapert",,,,way
"Rue Marais à Chardons",,,,way
"Rue Mathys",,,,way
"Rue Meurisse",,,,way
"Rue Mon Plaisir",,,,way
"Rue Monclair",,,,way
"Rue Moncoureur",,,,way
"Rue Mont Anzin",,,,way
"Rue Neuve",,,,way
"Rue Notre Dame Débonnaire",,,,way
"Rue Notre Dame du Petit Nimy",,,,way
"Rue Nouvelle",,,,way
"Rue Nouvelle Chasse",,,,way
"Rue Périer",,,,way
"Rue Piedsente du Moulin",,,,way
"Rue Quewette",,,,way
"Rue Rachot",,,,way
"Rue Rogers",,,,way
"Rue Sablonnière",,,,way
"Rue Sainte Félicité",,,,way
"Rue Sans Coron",,,,way
"Rue Serpentine",,,,way
"Rue Sohier",,,,way
"Rue Spira",,,,way
"Rue Taille Coleau",,,,way
"Rue Taille Cuvelier",,,,way
"Rue Taille des Vignes",,,,way
"Rue Taillies",,,,way
"Rue Tierne Saint-Hubert",,,,way
"Rue Tournante",,,,way
"Rue Traversière",,,,way
"Rue Trois Crampons",,,,way
"Rue Valenciennoise",,,,way
"Rue Verte",,,,way
"Rue Vieille Chasse",,,,way
"Rue Vieille Église",,,,way
"Rue Vieille Haine",,,,way
"Rue Vilaine",,,,way
"Rue à Charettes",,,,way
"Rue à Degrés",,,,way
"Rue aux Vignes",,,,way
"Rue d'Amérique",,,,way
"Rue d'Asquillies",,,,way
"Rue d'Egmont",,,,way
"Rue d'Empire",,,,way
"Rue d'En-Bas",,,,way
"Rue d'Enghien",,,,way
"Rue d'Erbisœul",,,,way
"Rue d'Harmignies",,,,way
"Rue d'Harveng",,,,way
"Rue d'Havré",,,,way
"Rue d'Herchies",,,,way
"Rue d'Hyon",,,,way
"Rue d'Ostenne",,,,way
"Rue de Baudour",,,,way
"Rue de Bavière",,,,way
"Rue de Beaulieu",,,,way
"Rue de Beauval",,,,way
"Rue de Bertaimont",,,,way
"Rue de Beugnies",,,,way
"Rue de Binche - Chemin de Binche",,,,way
"Rue de Bousies",,,,way
"Rue de Boussoit",,,,way
"Rue de Boussu",,,,way
"Rue de Brocqueroie",,,,way
"Rue de Cache-Après",,,,way
"Rue de Cantimprêt",,,,way
"Rue de Caraman",,,,way
"Rue de Ciply",,,,way
"Rue de Condé",,,,way
"Rue de Courbie",,,,way
"Rue de Cuesmes",,,,way
"Rue de Dinant",,,,way
"Rue de Douvrain",,,,way
"Rue de Flénu",,,,way
"Rue de Frameries",,,,way
"Rue de France",,,,way
"Rue de Ghlin",,,,way
"Rue de Goïspenne",,,,way
"Rue de Houdain",,,,way
"Rue de Jéricho",,,,way
"Rue de Jurbise",,,,way
"Rue de Maisières",,,,way
"Rue de Mascaux",,,,way
"Rue de Masnuy",,,,way
"Rue de Masnuy-Saint-Jean",,,,way
"Rue de Mercure",,,,way
"Rue de Milfort",,,,way
"Rue de Mons",,,,way
"Rue de Monte-En-Peine",,,,way
"Rue de Montreuil-sous-Bois",,,,way
"Rue de Naast",,,,way
"Rue de Niamey",,,,way
"Rue de Nimy",,,,way
"Rue de Nouvelles",,,,way
"Rue de Pâturages",,,,way
"Rue de Péronnes",,,,way
"Rue de Quaregnon",,,,way
"Rue de Quaregnon - Avenue du Champ de Bataille",,,,way
"Rue de Quaregon",,,,way
"Rue de Robertsart",,,,way
"Rue de Roumanie",,,,way
"Rue de Saturne",,,,way
"Rue de Spiennes",,,,way
"Rue de Thirimont",,,,way
"Rue de Tournai",,,,way
"Rue de Vellereille",,,,way
"Rue de Vellereille-Le-Sec",,,,way
"Rue de Verapaz",,,,way
"Rue de Ville-sur-Haine",,,,way
"Rue de Villers",,,,way
"Rue de l'Agace",,,,way
"Rue de l'Aigle",,,,way
"Rue de l'Alchimiste",,,,way
"Rue de l'Anglais",,,,way
"Rue de l'Argilière",,,,way
"Rue de l'Armistice",,,,way
"Rue de l'Arsenal",,,,way
"Rue de l'Athénée",,,,way
"Rue de l'Âtre",,,,way
"Rue de l'Aubrecheuil",,,,way
"Rue de l'Auflette",,,,way
"Rue de l'Aulnoye",,,,way
"Rue de l'Aviation",,,,way
"Rue de l'Égalité",,,,way
"Rue de l'Église",,,,way
"Rue de l'Enseignement",,,,way
"Rue de l'Épargne",,,,way
"Rue de l'Espinette",,,,way
"Rue de l'Étang Derbaix",,,,way
"Rue de l'Europe",,,,way
"Rue de l'Heaume",,,,way
"Rue de l'Héribus",,,,way
"Rue de l'Hurtebise",,,,way
"Rue de l'Indépendance",,,,way
"Rue de l'Industrie",,,,way
"Rue de l'Oratoire",,,,way
"Rue de l'Orbette",,,,way
"Rue de l'Yser",,,,way
"Rue de la Barrière",,,,way
"Rue de la Biche",,,,way
"Rue de la Boulangerie",,,,way
"Rue de la Briqueterie",,,,way
"Rue de la Brisée",,,,way
"Rue de la Butte",,,,way
"Rue de la Cascade",,,,way
"Rue de la Casse",,,,way
"Rue de la Chaussée",,,,way
"Rue de la Chênaie",,,,way
"Rue de la Cimenterie",,,,way
"Rue de la Cité",,,,way
"Rue de la Clairière",,,,way
"Rue de la Clef",,,,way
"Rue de la Commune",,,,way
"Rue de la Côte d'Ivoire",,,,way
"Rue de la Coupe",,,,way
"Rue de la Couronne",,,,way
"Rue de la Croix-Rouge",,,,way
"Rue de la Culture",,,,way
"Rue de la Déportation",,,,way
"Rue de la Drève",,,,way
"Rue de la Faïencerie",,,,way
"Rue de la Ferme Lacroix",,,,way
"Rue de la Filature",,,,way
"Rue de la Fonderie",,,,way
"Rue de la Fontaine",,,,way
"Rue de la Forge",,,,way
"Rue de la Fourmilière",,,,way
"Rue de la Fraide",,,,way
"Rue de la Garenne",,,,way
"Rue de la Genièvrerie",,,,way
"Rue de la Gobeleterie",,,,way
"Rue de la Goëtte",,,,way
"Rue de la Goulette",,,,way
"Rue de la Grande Triperie",,,,way
"Rue de la Grosse Pomme",,,,way
"Rue de la Hainette",,,,way
"Rue de la Halle",,,,way
"Rue de la Haye Fourrée",,,,way
"Rue de la Houssière",,,,way
"Rue de la Lanterne",,,,way
"Rue de la Liberté",,,,way
"Rue de la Licorne",,,,way
"Rue de la Limerie",,,,way
"Rue de la Limite",,,,way
"Rue de la Lisière",,,,way
"Rue de la Louisiane",,,,way
"Rue de la Malogne",,,,way
"Rue de la Mine",,,,way
"Rue de la Motte",,,,way
"Rue de la Mottelette",,,,way
"Rue de la Mutualité",,,,way
"Rue de la Paix",,,,way
"Rue de la Peine Perdue",,,,way
"Rue de la Perche",,,,way
"Rue de la Petite Boucherie",,,,way
"Rue de la Petite Bruyère",,,,way
"Rue de la Petite Cavée",,,,way
"Rue de la Petite Guirlande",,,,way
"Rue de la Petite Propriété Terrienne",,,,way
"Rue de la Petite Triperie",,,,way
"Rue de la Place",,,,way
"Rue de la Poire d'Or",,,,way
"Rue de la Poste",,,,way
"Rue de la Poterie",,,,way
"Rue de la Prévoyance",,,,way
"Rue de la Quéwette",,,,way
"Rue de la Raquette",,,,way
"Rue de la Régence",,,,way
"Rue de la Résistance",,,,way
"Rue de la Réunion",,,,way
"Rue de la Roche",,,,way
"Rue de la Savonnerie",,,,way
"Rue de la Seignerie",,,,way
"Rue de la Seuwe",,,,way
"Rue de la Soupe Populaire",,,,way
"Rue de la Station",,,,way
"Rue de la Sucrerie",,,,way
"Rue de la Taille des Mères",,,,way
"Rue de la Tannerie",,,,way
"Rue de la Terre Bêchée",,,,way
"Rue de la Terre du Prince",,,,way
"Rue de la Tour Auberon",,,,way
"Rue de la Trouille",,,,way
"Rue de la Vignette",,,,way
"Rue de la Voussure",,,,way
"Rue des Amandiers",,,,way
"Rue des Américains",,,,way
"Rue des Amis",,,,way
"Rue des Amoureux",,,,way
"Rue des Anglais",,,,way
"Rue des Anneaux",,,,way
"Rue des Apôtres",,,,way
"Rue des Archers",,,,way
"Rue des Arquebusiers",,,,way
"Rue des Barbelés",,,,way
"Rue des Belneux",,,,way
"Rue des Berceaux",,,,way
"Rue des Blanches Fontaines",,,,way
"Rue des Blancs Mouchons",,,,way
"Rue des Bleuets",,,,way
"Rue des Bosquets",,,,way
"Rue des Bourrains",,,,way
"Rue des Brasseurs",,,,way
"Rue des Bruyères",,,,way
"Rue des Cabuteries",,,,way
"Rue des Caches",,,,way
"Rue des Cailles",,,,way
"Rue des Canadiens",,,,way
"Rue des Canonniers",,,,way
"Rue des Capucins",,,,way
"Rue des Carrières",,,,way
"Rue des Casemates",,,,way
"Rue des Castillons",,,,way
"Rue des Champs",,,,way
"Rue des Chartriers",,,,way
"Rue des Cheminots",,,,way
"Rue des Chrysanthèmes",,,,way
"Rue des Cinq Visages",,,,way
"Rue des Clairs Logis",,,,way
"Rue des Clercs",,,,way
"Rue des Collines",,,,way
"Rue des Combattants",,,,way
"Rue des Combattants et Déportés",,,,way
"Rue des Compagnons",,,,way
"Rue des Cosmonautes",,,,way
"Rue des Croix",,,,way
"Rue des Croix Projetées",,,,way
"Rue des Croix du Feu",,,,way
"Rue des Déportés",,,,way
"Rue des Dominicains",,,,way
"Rue des Droits de l'Homme",,,,way
"Rue des Durmenés",,,,way
"Rue des Échelles",,,,way
"Rue des Écoles",,,,way
"Rue des Écoliers",,,,way
"Rue des Écossais",,,,way
"Rue des Épingliers",,,,way
"Rue des Étampes",,,,way
"Rue des Fabriques",,,,way
"Rue des Faubourgs",,,,way
"Rue des Fillettes",,,,way
"Rue des Fossés",,,,way
"Rue des Fours à Chaux",,,,way
"Rue des Frères",,,,way
"Rue des Frères Defuisseaux",,,,way
"Rue des Fripiers",,,,way
"Rue des Futaies",,,,way
"Rue des Gades",,,,way
"Rue des Gaillers",,,,way
"Rue des Genêts",,,,way
"Rue des Géraniums",,,,way
"Rue des Glycines",,,,way
"Rue des Grands Prés",,,,way
"Rue des Groseilliers",,,,way
"Rue des Guimauves",,,,way
"Rue des Hiots",,,,way
"Rue des Iris",,,,way
"Rue des Juifs",,,,way
"Rue des Kievrois",,,,way
"Rue des Laminoirs",,,,way
"Rue des Maraichers",,,,way
"Rue des Marcottes",,,,way
"Rue des Martyrs",,,,way
"Rue des Moineaux",,,,way
"Rue des Muguets",,,,way
"Rue des Nations",,,,way
"Rue des Œillets",,,,way
"Rue des Orphelins",,,,way
"Rue des Passages",,,,way
"Rue des Patriotes",,,,way
"Rue des Pensionnés",,,,way
"Rue des Perces-Neige",,,,way
"Rue des Pierres",,,,way
"Rue des Pinsons",,,,way
"Rue des Pivoines",,,,way
"Rue des Postes",,,,way
"Rue des Préelles",,,,way
"Rue des Prés Sauvages",,,,way
"Rue des Prés Verts",,,,way
"Rue des Prisonniers",,,,way
"Rue des Produits",,,,way
"Rue des Puits",,,,way
"Rue des Quatre Bonniers",,,,way
"Rue des Représentants",,,,way
"Rue des Résistants",,,,way
"Rue des Rimahans",,,,way
"Rue des Robiniers",,,,way
"Rue des Ropieurs",,,,way
"Rue des Sables",,,,way
"Rue des Sandrinettes",,,,way
"Rue des Sars",,,,way
"Rue des Sinistrés",,,,way
"Rue des Sœurs Grises",,,,way
"Rue des Sœurs Noires",,,,way
"Rue des Sources",,,,way
"Rue des Telliers",,,,way
"Rue des Tourterelles",,,,way
"Rue des Trois Boudins",,,,way
"Rue des Trois Coulons",,,,way
"Rue des Trois Hurées",,,,way
"Rue des Tuileries",,,,way
"Rue des Verts Pâturages",,,,way
"Rue des Veuves",,,,way
"Rue des Viaducs",,,,way
"Rue des Victoria Cross",,,,way
"Rue des Violettes",,,,way
"Rue des Walbrées",,,,way
"Rue des Wartons",,,,way
"Rue du 11e Régiment d'Artillerie",,,,way
"Rue du 1er Chasseur à Cheval",,,,way
"Rue du 4 Août",,,,way
"Rue du 6 Novembre",,,,way
"Rue du 8 Mai",,,,way
"Rue du Bas Chemin",,,,way
"Rue du Béguinage",,,,way
"Rue du Blanc Chemin",,,,way
"Rue du Bois",,,,way
"Rue du Bois Brulé",,,,way
"Rue du Bois Là-Haut",,,,way
"Rue du Bois d'Havré",,,,way
"Rue du Bois d'Hayon",,,,way
"Rue du Bois des Dames",,,,way
"Rue du By",,,,way
"Rue du Camp",,,,way
"Rue du Campiau",,,,way
"Rue du Canal",,,,way
"Rue du Centre",,,,way
"Rue du Cerisier",,,,way
"Rue du Chapitre",,,,way
"Rue du Château",,,,way
"Rue du Château Guillochain",,,,way
"Rue du Chemin de Fer",,,,way
"Rue du Cimetière",,,,way
"Rue du Coin Vert",,,,way
"Rue du Comte",,,,way
"Rue du Corbeau",,,,way
"Rue du Couvent",,,,way
"Rue du Crossage",,,,way
"Rue du Curoir",,,,way
"Rue du Delta",,,,way
"Rue du Dépôt",,,,way
"Rue du Festinoy",,,,way
"Rue du Fiesty",,,,way
"Rue du Fisch Club",,,,way
"Rue du Flamand",,,,way
"Rue du Fort",,,,way
"Rue du Fort Mahon",,,,way
"Rue du Foyau",,,,way
"Rue du Foyer",,,,way
"Rue du Gaillardmont",,,,way
"Rue du Gazomètre",,,,way
"Rue du Grand Coron",,,,way
"Rue du Grand Courant",,,,way
"Rue du Grand Jour",,,,way
"Rue du Grand Marais",,,,way
"Rue du Grand Pays",,,,way
"Rue du Grand Pont",,,,way
"Rue du Grand Trait",,,,way
"Rue du Grand Trait - Avenue du Champ de Bataille",,,,way
"Rue du Grand Trou Oudard",,,,way
"Rue du Grand Trou-Oudart",,,,way
"Rue du Haut Flénu",,,,way
"Rue du Hautbois",,,,way
"Rue du Home",,,,way
"Rue du Joncquois",,,,way
"Rue du Kêne à Caimont",,,,way
"Rue du Levant",,,,way
"Rue du Loriot",,,,way
"Rue du Marais",,,,way
"Rue du Marché",,,,way
"Rue du Miroir",,,,way
"Rue du Mont Panisel",,,,way
"Rue du Mont d'Obourg",,,,way
"Rue du Mouligneau",,,,way
"Rue du Moulin",,,,way
"Rue du Moulin Paradis",,,,way
"Rue du Moulin au Bois",,,,way
"Rue du Moulin d'En Haut",,,,way
"Rue du Moulin d'Havré",,,,way
"Rue du Moulin de Nimy",,,,way
"Rue du Moulin de Spiennes",,,,way
"Rue du Onze Novembre",,,,way
"Rue du Parc",,,,way
"Rue du Pavillon",,,,relation
"Rue du Petit Champs",,,,way
"Rue du Petit Harvengt",,,,way
"Rue du Petit Hornu",,,,way
"Rue du Petit Marais",,,,way
"Rue du Petit Moulin",,,,way
"Rue du Petit Spienne",,,,way
"Rue du Petit Versailles",,,,way
"Rue du Peuple",,,,way
"Rue du Pic et Plat",,,,way
"Rue du Plan Incliné",,,,way
"Rue du Point du Jour",,,,way
"Rue du Pont",,,,way
"Rue du Pont Beumier",,,,way
"Rue du Pont Canal",,,,way
"Rue du Pont de Pierre",,,,way
"Rue du Pont du Prince",,,,way
"Rue du Portugal",,,,way
"Rue du Poteau",,,,way
"Rue du Pourcelet",,,,way
"Rue du Progrès",,,,way
"Rue du Québec",,,,way
"Rue du Rapois",,,,way
"Rue du Ravin",,,,way
"Rue du Repos",,,,way
"Rue du Rivage",,,,way
"Rue du Rosaire",,,,way
"Rue du Rossignol",,,,way
"Rue du Rouge-Gorge",,,,way
"Rue du Rutiau",,,,way
"Rue du Sable",,,,way
"Rue du Saudart",,,,way
"Rue du Sergent",,,,way
"Rue du Square",,,,way
"Rue du Temple",,,,way
"Rue du Tordoir",,,,way
"Rue du Tournesol",,,,way
"Rue du Travail",,,,way
"Rue du Trieu",,,,way
"Rue du Troubliot",,,,way
"Rue du Trouillon Voûté",,,,way
"Rue du Village",,,,way
"Rue du Waizeau",,,,way
"Ruelle Coppé",,,,way
"Ruelle Criez",,,,way
"Ruelle Michie",,,,way
"Ruelle Mortiau",,,,way
"Ruelle Pecquet",,,,way
"Ruelle Plaquette",,,,way
"Ruelle Spira",,,,way
"Ruelle à Vaches",,,,way
"Ruelle aux Loups",,,,way
"Ruelle aux Quinettes",,,,way
"Ruelle des Hiots",,,,way
"Ruelle des Pêcheurs",,,,way
"Ruelle du Cerf Blanc",,,,way
"Ruelle du Progrès",,,,way
"Ruelle du Repos",,,,way
"Sentier Cavenaile",,,,way
"Sentier Mabille",,,,way
"Sentier Malaquin",,,,way
"Sentier Moncoureur",,,,way
"Sentier Sébille",,,,way
"Sentier de Valenciennes",,,,way
"Sentier de Villers",,,,way
"Sentier de l'Héribus",,,,way
"Sentier de la Croix Blanche",,,,way
"Sentier de la Gare",,,,way
"Sentier de la Garenne",,,,way
"Sentier de la Grande Bruyère",,,,way
"Sentier de la Soupe Populaire",,,,way
"Sentier des Borraines",,,,way
"Sentier des Buses",,,,way
"Sentier des Derrières",,,,way
"Sentier des Gaillies",,,,way
"Sentier des Gendarmes",,,,way
"Sentier des Maraichers",,,,way
"Sentier des Morts",,,,way
"Sentier des Pendants",,,,way
"Sentier des Planches",,,,way
"Sentier des Rogneaux",,,,way
"Sentier des Vaches",,,,way
"Sentier du Cernaux",,,,way
"Sentier du Coq",,,,way
"Sentier du Vicaire",,,,way
"Sentier vicinal N° 48",,,,way
"Sentier vicinal n°53",,,,way
"Sentier vicinal n°94",,,,way
"Square Europe",,,,way
"Square de la Résistance",,,,way
"Venelle Veuve Préaux",,,,way
"Venelle de l'Egalité",,,,way
"Venelle de la Paix",,,,way
"Venelle de la Résistance",,,,way
"Vieille Chaussée de Maubeuge",,,,way
"Vieux Chemin de Givry",,,,way
"Vieux Chemin de Valenciennes",,,,way
"Voie Américaine",,,,way
"Voie de Wasmes",,,,way
